Motif name,ForeNum,BackNum,ForeCov,BackCov,Relative Coverage
DME_GADGAYKAS,11.0,25.0,0.846153846154,0.189393939394,4.46769230769
DME_GRHTGDTGA,11.0,27.0,0.846153846154,0.204545454545,4.13675213675
DME_MARKGDSRGA,11.0,29.0,0.846153846154,0.219696969697,3.85145888594
gimme_102_Improbizer_GCGTTATACCCGAGGATCAG,12.0,20.0,0.923076923077,0.151515151515,6.09230769231
gimme_104_Improbizer_GTGCAACGGAGAGT,12.0,18.0,0.923076923077,0.136363636364,6.76923076923
gimme_105_Improbizer_AACACACGTTTATTAGATGTTT,13.0,24.0,1.0,0.181818181818,5.5
gimme_132_MEME_3_w10,12.0,15.0,0.923076923077,0.113636363636,8.12307692308
gimme_13_BioProspector_w10_3,11.0,17.0,0.846153846154,0.128787878788,6.57013574661
gimme_143_MEME_4_w12,11.0,16.0,0.846153846154,0.121212121212,6.98076923077
gimme_146_MEME_7_w12,12.0,21.0,0.923076923077,0.159090909091,5.8021978022
gimme_16_BioProspector_w12_1,11.0,27.0,0.846153846154,0.204545454545,4.13675213675
gimme_92_MDmodule_Motif.12.3,11.0,26.0,0.846153846154,0.19696969697,4.29585798817
